tag,variations
question1,What is income tax?
question1,Can you explain income tax?
question1,How does income tax work?
question1,What is the definition of income tax?
question1,What is the purpose of income tax?
question1,What is the meaning of income tax?
question1,How is income tax calculated?
question1,What is the process of income tax?
question1,What is the concept of income tax?
question1,What is the function of income tax?
question2,How is income tax calculated?
question2,What determines my income tax?
question2,What factors affect my income tax?
question2,What are the income tax calculation rules?
question2,How do I calculate my income tax?
question2,What is the process of calculating income tax?
question2,What is the formula for calculating income tax?
question2,What are the factors that affect income tax calculation?
question2,What is the method of calculating income tax?
question2,How can I find out my income tax amount?
question3,What is a tax code?
question3,How is my tax code determined?
question3,What does my tax code mean?
question3,How do I know my tax code?
question3,What is the purpose of a tax code?
question3,What is a tax code used for?
question3,How can I check my tax code?
question3,What are the different types of tax codes?
question3,What is a BR tax code?
question3,What is a D0 tax code?
question4,What is the tax-free allowance?
question4,How much is the tax-free allowance?
question4,What is the personal allowance?
question4,How is the tax-free allowance determined?
question4,What is the purpose of the tax-free allowance?
question4,What is the meaning of the tax-free allowance?
question4,What is the concept of the tax-free allowance?
question4,What is the function of the tax-free allowance?
question4,What is the eligibility criteria for the tax-free allowance?
question4,Who is entitled to the tax-free allowance?
question5,What are tax rates and bands?
question5,How do tax rates and bands work?
question5,What is the tax rate for different income levels?
question5,How are tax rates and bands determined?
question5,What is the current tax rate and band?
question5,What is the basic rate of tax?
question5,What is the higher rate of tax?
question5,What is the additional rate of tax?
question5,What is the starting rate of tax?
question5,What is the savings rate of tax?
question6,What is taxable income?
question6,How is taxable income determined?
question6,What counts as taxable income?
question6,What is included in taxable income?
question6,How do I know what is taxable income?
question6,What is the definition of taxable income?
question6,What is the concept of taxable income?
question6,How can I calculate my taxable income?
question6,What is the difference between gross income and taxable income?
question6,What is the difference between net income and taxable income?
question7,What is a tax return?
question7,How do I file a tax return?
question7,Why do I need to file a tax return?
question7,When do I need to file a tax return?
question7,What information do I need to file a tax return?
question7,What is the deadline for filing a tax return?
question7,How can I file a tax return online?
question7,What are the penalties for not filing a tax return?
question7,What are the consequences of not filing a tax return?
question7,How often do I need to file a tax return?
question8,What is the National Insurance Contribution?
question8,What is the purpose of National Insurance?
question8,How is National Insurance calculated?
question8,What is the rate of National Insurance?
question8,Who pays National Insurance?
question8,What is the National Insurance threshold?
question8,How does National Insurance affect my pension?
question8,What are the different types of National Insurance?
question8,How do I make National Insurance contributions?
question8,What is the relationship between National Insurance and income tax?
question9,What are tax credits?
question9,How do tax credits work?
question9,Who is eligible for tax credits?
question9,What is the purpose of tax credits?
question9,What types of tax credits are available?
question9,What is the difference between working tax credits and child tax credits?
question9,How do I claim tax credits?
question9,What is the income threshold for tax credits?
question9,What is the maximum amount of tax credits I can receive?
question9,What is the deadline for claiming tax credits?
question10,What is a tax code?
question10,How is a tax code calculated?
question10,What does my tax code mean?
question10,Why do I need a tax code?
question10,What happens if my tax code is wrong?
question10,How can I check my tax code?
question10,How do I change my tax code?
question10,What is emergency tax?
question10,What is the tax code for a second job?
question10,What is the difference between BR and D0 tax codes?
greet,Hi
greet,Hello
greet,Good Morning
greet,Good Evening
greet,Howdy
greet,Hey
greet,What's Up
greet,Hello there
greet,Hi There
greet,Hey There
bye,Goodbye
bye,See you later
bye,See you soon
bye,Have a good day
bye,Have a good night
bye,Thanks alot
bye,see you
bye,see you later
bye,Thank you
bye,bye